epoch,time,train/box_loss,train/cls_loss,train/dfl_loss,metrics/precision(B),metrics/recall(B),metrics/mAP50(B),metrics/mAP50-95(B),val/box_loss,val/cls_loss,val/dfl_loss,lr/pg0,lr/pg1,lr/pg2
1,690.772,1.95634,1.93529,0.99505,0.25129,0.19776,0.14187,0.07649,1.70366,1.34838,0.93378,0.000237963,0.000237963,0.000237963
2,1465.35,1.8872,1.57002,0.95652,0.26283,0.21077,0.15267,0.08058,1.70991,1.33003,0.92401,0.000381723,0.000381723,0.000381723
3,2366.56,1.85102,1.50754,0.94391,0.28495,0.21797,0.16999,0.09155,1.68089,1.29688,0.92143,0.000431234,0.000431234,0.000431234
4,3062.08,1.8063,1.43516,0.93143,0.32316,0.23796,0.19333,0.1055,1.64953,1.23987,0.90817,0.000289884,0.000289884,0.000289884
5,3776.71,1.7506,1.35133,0.9174,0.32194,0.245,0.19881,0.11083,1.59414,1.19569,0.90258,0.000148512,0.000148512,0.000148512
